{"cameraMode":{"drawMode":0,"name":"Shaded","section":"Shading Mode"},"sceneLighting":true,"audioPlay":false,"sceneViewState":{"showFog":true,"showMaterialUpdate":false,"showSkybox":true,"showFlares":true,"showImageEffects":true,"showParticleSystems":true},"in2DMode":false,"pivot":{"x":-3.0900392532348635,"y":2.4397084712982179,"z":-8.696452140808106},"rotation":{"x":-0.2969442307949066,"y":0.007445987313985825,"z":-0.0023153861984610559,"w":-0.9548630714416504},"size":23.162250518798829,"orthographic":true}